TestID,AUSTIN,MOSCOWRACEWAY,SPIELBERG,EXAMPLE
benchmark_e2e_il,48.249,28.552999999999994,37.085,77.002
benchmark_e2e_il_l,16.189,42.397,61.11299999999999,30.887999999999998
benchmark_e2e_il_m,3.5520000000000005,3.7319999999999998,3.756,41.99
benchmark_tiny_il,100.0,100.0,100.0,100.0
benchmark_tiny_il_l,100.0,100.0,100.0,100.0
benchmark_tiny_il_m,100.0,100.0,100.0,100.0
