TestID,AUSTIN,MOSCOWRACEWAY,SPIELBERG,EXAMPLE
benchmark_e2e_il,27.664999999999996,40.393,39.666999999999994,84.354
benchmark_e2e_il_l,5.252,20.877,76.98899999999999,38.002
benchmark_e2e_il_m,16.580000000000002,58.055,78.079,99.64
benchmark_tiny_il,100.0,100.0,100.0,100.0
benchmark_tiny_il_l,100.0,100.0,80.0,100.0
benchmark_tiny_il_m,100.0,100.0,100.0,100.0
