TestID,AUSTIN,MOSCOWRACEWAY,SPIELBERG,EXAMPLE
benchmark_e2e_il,9.793000000000001,26.403,24.176000000000002,84.916
benchmark_e2e_il_128,4.9799999999999995,10.126,11.113,9.901
benchmark_e2e_il_l,17.932000000000002,32.473,55.907,43.842999999999996
benchmark_e2e_il_m,6.277000000000001,7.199,5.795,52.06999999999999
