TestID,AUSTIN,MOSCOWRACEWAY,SPIELBERG,EXAMPLE
benchmark_e2e_il,24.269000000000002,17.138,11.959,91.805
benchmark_e2e_il_l,10.122,17.174,53.44599999999999,43.149
benchmark_e2e_il_m,16.891000000000002,47.013999999999996,13.428999999999998,100.0
benchmark_tiny_il,100.0,100.0,100.0,100.0
benchmark_tiny_il_l,100.0,100.0,100.0,100.0
benchmark_tiny_il_m,69.89699999999999,86.63399999999999,100.0,100.0
